agent,time
frame,156.83131527900696
process,300.2245190143585
