agent,time
frame,13.462660074234009
process,896.4481866359711
