agent,time
frame,13.62009572982788
process,895.3947415351868
