agent,time
frame,198.06008911132812
process,651.8654615879059
