agent,time
frame,163.62877750396729
process,584.7868611812592
