agent,time
frame,12.972315788269043
process,1207.1068942546844
