agent,time
frame,17.96842670440674
process,181.09970808029175
