agent,time
frame,12.297245264053345
process,1204.4421660900116
