agent,time
frame,163.62133836746216
process,585.617490530014
