agent,time
frame,12.401674032211304
process,1205.1615540981293
