agent,time
frame,13.775686025619507
process,895.7405185699463
