agent,time
frame,182.4155559539795
process,537.2590808868408
