agent,time
frame,13.543305397033691
process,896.7477526664734
