agent,time
frame,12.41527009010315
process,1207.1959736347198
