agent,time
frame,163.83046340942383
process,584.5652611255646
