agent,time
frame,17.986671209335327
process,182.0536572933197
