agent,time
frame,198.4191346168518
process,640.7442831993103
