agent,time
frame,163.5037944316864
process,584.9527089595795
