agent,time
frame,197.91737985610962
process,652.9477841854095
