agent,time
frame,198.3796317577362
process,981.0059094429016
