agent,time
frame,25.498907566070557
process,1800.0015532970428
