agent,time
frame,17.53602123260498
process,173.99512195587158
