agent,time
frame,163.17951893806458
process,584.1321015357971
