agent,time
frame,12.445168495178223
process,1201.7695472240448
