agent,time
frame,22.287408590316772
process,186.5357267856598
