agent,time
frame,197.588552236557
process,637.0882520675659
