agent,time
frame,17.975784063339233
process,182.93455481529236
