agent,time
frame,14.26037049293518
process,181.49291729927063
