agent,time
frame,17.9372398853302
process,185.211763381958
