agent,time
frame,122.70777726173401
process,3909.31649184227
