agent,time
frame,13.747262477874756
process,896.1367721557617
