agent,time
frame,117.66696262359619
process,308.87554955482483
