agent,time
frame,156.76699924468994
process,296.0917057991028
